"","Datum","Factuurnr.","Taak","Eind","Resource"
"1",2018-04-09,"I1800353","Inkoopfactuur <= 5.000",2018-04-12 15:01:35,"abdc6e9dade886e0d35ceab9951ebeda"
"2",2018-04-09,"I1800353","Beoordelen inkoopfactuur",2018-04-13 10:04:32,"ce89fe3400440ded691ebea966fbf59a"
"3",2018-04-09,"I1800353","Accorderen inkoopfactuur",2018-04-16 14:19:14,"3f309e071cff9027995b0b80691d6369"
"4",2018-02-26,"I1800224","Inkoopfactuur <= 5.000",2018-03-08 09:57:39,"abdc6e9dade886e0d35ceab9951ebeda"
"5",2018-02-26,"I1800224","Beoordelen inkoopfactuur",2018-04-12 08:49:03,"abdc6e9dade886e0d35ceab9951ebeda"
"6",2018-02-26,"I1800224","Beoordelen inkoopfactuur",2018-04-16 14:24:40,"3f309e071cff9027995b0b80691d6369"
"7",2018-02-26,"I1800224","Accorderen inkoopfactuur",2018-04-16 14:24:46,"3f309e071cff9027995b0b80691d6369"
"8",2018-04-01,"I1800311","Inkoopfactuur <= 5.000",2018-04-09 08:09:07,"abdc6e9dade886e0d35ceab9951ebeda"
"9",2018-04-01,"I1800311","Beoordelen inkoopfactuur",2018-04-09 14:55:04,"3f309e071cff9027995b0b80691d6369"
"10",2018-04-01,"I1800311","Accorderen inkoopfactuur",2018-04-09 14:55:22,"3f309e071cff9027995b0b80691d6369"
"11",2018-03-16,"I1800263","Inkoopfactuur <= 5.000",2018-03-20 08:46:24,"abdc6e9dade886e0d35ceab9951ebeda"
"12",2018-03-16,"I1800263","Beoordelen inkoopfactuur",2018-03-20 08:53:13,"abdc6e9dade886e0d35ceab9951ebeda"
"13",2018-03-16,"I1800263","Accorderen inkoopfactuur",2018-03-20 11:16:54,"524fdb068748af57469e4dc7edf8e89d"
"14",2018-04-03,"I1800354","Beoordelen inkoopfactuur",2018-04-17 09:38:40,"524fdb068748af57469e4dc7edf8e89d"
"15",2018-04-03,"I1800354","Accorderen inkoopfactuur",2018-04-17 09:38:45,"524fdb068748af57469e4dc7edf8e89d"
"16",2018-03-03,"I1800249","Inkoopfactuur <= 5.000",2018-03-15 10:52:47,"abdc6e9dade886e0d35ceab9951ebeda"
"17",2018-03-03,"I1800249","Beoordelen inkoopfactuur",2018-03-20 11:17:57,"524fdb068748af57469e4dc7edf8e89d"
"18",2018-03-03,"I1800249","Accorderen inkoopfactuur",2018-03-20 11:18:02,"524fdb068748af57469e4dc7edf8e89d"
"19",2018-04-03,"I1800354","Inkoopfactuur <= 5.000",2018-04-12 15:02:18,"abdc6e9dade886e0d35ceab9951ebeda"
"20",2018-03-07,"I1800232","Inkoopfactuur <= 5.000",2018-03-08 10:11:08,"abdc6e9dade886e0d35ceab9951ebeda"
"21",2018-03-07,"I1800232","Beoordelen inkoopfactuur",2018-03-08 10:54:37,"ce89fe3400440ded691ebea966fbf59a"
"22",2018-03-07,"I1800232","Accorderen inkoopfactuur",2018-03-08 11:12:22,"3f309e071cff9027995b0b80691d6369"
"23",2018-04-04,"I1800322","Inkoopfactuur <= 5.000",2018-04-09 08:23:48,"abdc6e9dade886e0d35ceab9951ebeda"
"24",2018-04-04,"I1800322","Beoordelen inkoopfactuur",2018-04-09 09:39:41,"ce89fe3400440ded691ebea966fbf59a"
"25",2018-04-04,"I1800322","Accorderen inkoopfactuur",2018-04-09 14:50:20,"3f309e071cff9027995b0b80691d6369"
"26",2018-03-15,"I1800253","Inkoopfactuur <= 5.000",2018-03-20 08:07:48,"abdc6e9dade886e0d35ceab9951ebeda"
"27",2018-03-15,"I1800254","Inkoopfactuur <= 5.000",2018-03-20 08:10:00,"abdc6e9dade886e0d35ceab9951ebeda"
"28",2018-03-15,"I1800253","Beoordelen inkoopfactuur",2018-03-20 13:05:37,"ce89fe3400440ded691ebea966fbf59a"
"29",2018-03-15,"I1800254","Beoordelen inkoopfactuur",2018-03-20 13:05:46,"ce89fe3400440ded691ebea966fbf59a"
"30",2018-03-15,"I1800253","Accorderen inkoopfactuur",2018-03-22 06:39:04,"3f309e071cff9027995b0b80691d6369"
"31",2018-03-15,"I1800254","Accorderen inkoopfactuur",2018-03-22 06:39:15,"3f309e071cff9027995b0b80691d6369"
"32",2018-03-01,"I1800273","Inkoopfactuur <= 5.000",2018-03-20 10:01:14,"abdc6e9dade886e0d35ceab9951ebeda"
"33",2018-03-01,"I1800273","Beoordelen inkoopfactuur",2018-03-20 20:50:40,"2bdc2f5d286fc7d297896e561064a593"
"34",2018-03-01,"I1800273","Actie nav afkeuren inkoopfactuur",2018-07-03 14:35:05,"abdc6e9dade886e0d35ceab9951ebeda"
"35",2018-03-01,"I1800273","Beoordelen inkoopfactuur",2018-07-03 14:35:24,"abdc6e9dade886e0d35ceab9951ebeda"
"36",2018-03-01,"I1800273","Beoordelen inkoopfactuur",2018-07-05 09:05:52,"2bdc2f5d286fc7d297896e561064a593"
"37",2018-03-01,"I1800273","Accorderen inkoopfactuur",2018-07-09 13:08:45,"524fdb068748af57469e4dc7edf8e89d"
"38",2018-02-28,"I1800225","Inkoopfactuur <= 5.000",2018-03-08 09:58:32,"abdc6e9dade886e0d35ceab9951ebeda"
"39",2018-01-30,"I1800230","Inkoopfactuur <= 5.000",2018-03-08 10:07:53,"abdc6e9dade886e0d35ceab9951ebeda"
"40",2018-02-28,"I1800225","Beoordelen inkoopfactuur",2018-03-12 10:13:32,"069977ecdbde0594726360323a821cda"
"41",2018-01-30,"I1800230","Beoordelen inkoopfactuur",2018-03-12 10:14:04,"069977ecdbde0594726360323a821cda"
"42",2018-02-28,"I1800225","Accorderen inkoopfactuur",2018-03-13 11:10:51,"3f309e071cff9027995b0b80691d6369"
"43",2018-01-30,"I1800230","Accorderen inkoopfactuur",2018-03-13 11:10:59,"3f309e071cff9027995b0b80691d6369"
"44",2018-03-01,"I1800279","Inkoopfactuur <= 5.000",2018-03-22 10:10:00,"abdc6e9dade886e0d35ceab9951ebeda"
"45",2018-03-01,"I1800279","Beoordelen inkoopfactuur",2018-03-23 12:01:03,"069977ecdbde0594726360323a821cda"
"46",2018-03-01,"I1800279","Accorderen inkoopfactuur",2018-03-27 08:17:25,"3f309e071cff9027995b0b80691d6369"
"47",2018-03-31,"I1800307","Accorderen inkoopfactuur",2018-04-16 14:18:13,"3f309e071cff9027995b0b80691d6369"
"48",2018-04-10,"I1800360","Beoordelen inkoopfactuur",2018-04-17 08:23:51,"99fcb711c97118db437f1ee4296b83e9"
"49",2018-04-10,"I1800360","Accorderen inkoopfactuur",2018-04-17 09:41:26,"524fdb068748af57469e4dc7edf8e89d"
"50",2018-03-31,"I1800307","Inkoopfactuur <= 5.000",2018-04-09 08:05:07,"abdc6e9dade886e0d35ceab9951ebeda"
"51",2018-03-31,"I1800308","Inkoopfactuur <= 5.000",2018-04-09 08:06:12,"abdc6e9dade886e0d35ceab9951ebeda"
"52",2018-03-31,"I1800308","Beoordelen inkoopfactuur",2018-04-09 14:12:23,"ae16f6dd57a3df272fd619111c714ba5"
"53",2018-03-31,"I1800308","Accorderen inkoopfactuur",2018-04-09 14:51:30,"3f309e071cff9027995b0b80691d6369"
"54",2018-03-31,"I1800307","Beoordelen inkoopfactuur",2018-04-13 07:45:03,"ae16f6dd57a3df272fd619111c714ba5"
"55",2018-04-10,"I1800360","Inkoopfactuur <= 5.000",2018-04-16 12:44:50,"abdc6e9dade886e0d35ceab9951ebeda"
"56",2018-02-20,"I1800228","Inkoopfactuur <= 5.000",2018-03-08 10:04:52,"abdc6e9dade886e0d35ceab9951ebeda"
"57",2018-02-20,"I1800228","Beoordelen inkoopfactuur",2018-04-05 13:43:06,"077105d56ec3db5318815244824f663b"
"58",2018-02-20,"I1800228","Beoordelen inkoopfactuur",2018-05-08 08:40:27,"99fcb711c97118db437f1ee4296b83e9"
"59",2018-02-20,"I1800228","Accorderen inkoopfactuur",2018-05-08 15:23:43,"524fdb068748af57469e4dc7edf8e89d"
"60",2018-04-10,"I1800348","Beoordelen inkoopfactuur",2018-04-17 09:26:19,"ae16f6dd57a3df272fd619111c714ba5"
"61",2018-04-10,"I1800348","Beoordelen inkoopfactuur",2018-04-18 09:26:33,"077105d56ec3db5318815244824f663b"
"62",2018-04-10,"I1800348","Accorderen inkoopfactuur",2018-04-30 10:38:43,"3f309e071cff9027995b0b80691d6369"
"63",2018-04-10,"I1800348","Inkoopfactuur <= 5.000",2018-04-12 14:44:44,"abdc6e9dade886e0d35ceab9951ebeda"
"64",2018-04-10,"I1800348","Beoordelen inkoopfactuur",2018-04-13 10:03:54,"ce89fe3400440ded691ebea966fbf59a"
"65",2018-04-10,"I1800348","Beoordelen inkoopfactuur",2018-04-16 13:20:05,"abdc6e9dade886e0d35ceab9951ebeda"
"66",2018-03-06,"I1800265","Inkoopfactuur <= 5.000",2018-03-20 08:52:38,"abdc6e9dade886e0d35ceab9951ebeda"
"67",2018-03-06,"I1800265","Beoordelen inkoopfactuur",2018-03-20 13:05:12,"ce89fe3400440ded691ebea966fbf59a"
"68",2018-03-06,"I1800265","Accorderen inkoopfactuur",2018-03-22 06:38:52,"3f309e071cff9027995b0b80691d6369"
"69",2018-03-06,"I1800265","Verwerk de reacties!",2018-03-26 14:30:52,"abdc6e9dade886e0d35ceab9951ebeda"
"70",2018-04-06,"I1800350","Inkoopfactuur <= 5.000",2018-04-12 14:51:29,"abdc6e9dade886e0d35ceab9951ebeda"
"71",2018-04-06,"I1800350","Beoordelen inkoopfactuur",2018-04-13 10:04:07,"ce89fe3400440ded691ebea966fbf59a"
"72",2018-04-06,"I1800350","Accorderen inkoopfactuur",2018-04-16 14:19:05,"3f309e071cff9027995b0b80691d6369"
"73",2018-03-20,"I1800278","Inkoopfactuur <= 5.000",2018-03-22 10:07:27,"abdc6e9dade886e0d35ceab9951ebeda"
"74",2018-03-20,"I1800278","Beoordelen inkoopfactuur",2018-03-28 15:35:57,"a236777427335712ed2249025f1acda2"
"75",2018-03-20,"I1800278","Accorderen inkoopfactuur",2018-04-05 12:52:13,"3f309e071cff9027995b0b80691d6369"
"76",2018-04-03,"I1800319","Beoordelen inkoopfactuur",2018-04-09 14:03:51,"ae16f6dd57a3df272fd619111c714ba5"
"77",2018-04-03,"I1800319","Accorderen inkoopfactuur",2018-04-09 14:50:58,"3f309e071cff9027995b0b80691d6369"
"78",2018-03-02,"I1800214","Inkoopfactuur <= 5.000",2018-03-06 16:09:29,"abdc6e9dade886e0d35ceab9951ebeda"
"79",2018-03-02,"I1800214","Beoordelen inkoopfactuur",2018-03-09 13:53:53,"ae16f6dd57a3df272fd619111c714ba5"
"80",2018-03-02,"I1800214","Accorderen inkoopfactuur",2018-03-13 11:09:43,"3f309e071cff9027995b0b80691d6369"
"81",2018-04-03,"I1800319","Inkoopfactuur <= 5.000",2018-04-09 08:19:36,"abdc6e9dade886e0d35ceab9951ebeda"
"82",2018-03-19,"I1800257","Inkoopfactuur <= 5.000",2018-03-20 08:22:58,"abdc6e9dade886e0d35ceab9951ebeda"
"83",2018-03-19,"I1800257","Beoordelen inkoopfactuur",2018-04-03 09:41:59,"a216d47a59899311f48cfe17ad176b09"
"84",2018-03-19,"I1800257","Beoordelen inkoopfactuur",2018-04-03 09:46:00,"ce89fe3400440ded691ebea966fbf59a"
"85",2018-03-19,"I1800257","Accorderen inkoopfactuur",2018-04-05 12:38:26,"3f309e071cff9027995b0b80691d6369"
"86",2018-03-31,"I1800309","Beoordelen inkoopfactuur",2018-04-10 21:53:39,"1c304646d1d8a68599d27396fff3cb65"
"87",2018-03-31,"I1800309","Accorderen inkoopfactuur",2018-04-16 14:21:50,"3f309e071cff9027995b0b80691d6369"
"88",2018-03-31,"I1800309","Inkoopfactuur <= 5.000",2018-04-09 08:07:42,"abdc6e9dade886e0d35ceab9951ebeda"
"89",2018-03-26,"I1800286","Beoordelen inkoopfactuur",2018-03-31 12:27:18,"1c304646d1d8a68599d27396fff3cb65"
"90",2018-03-26,"I1800286","Accorderen inkoopfactuur",2018-04-05 12:38:16,"3f309e071cff9027995b0b80691d6369"
"91",2018-03-12,"I1800245","Accorderen inkoopfactuur",2018-03-18 13:52:09,"3f309e071cff9027995b0b80691d6369"
"92",2018-03-26,"I1800286","Inkoopfactuur <= 5.000",2018-03-29 14:58:00,"abdc6e9dade886e0d35ceab9951ebeda"
"93",2018-03-12,"I1800245","Inkoopfactuur <= 5.000",2018-03-15 10:47:01,"abdc6e9dade886e0d35ceab9951ebeda"
"94",2018-03-12,"I1800246","Inkoopfactuur <= 5.000",2018-03-15 10:49:22,"abdc6e9dade886e0d35ceab9951ebeda"
"95",2018-03-12,"I1800246","Beoordelen inkoopfactuur",2018-03-15 14:37:31,"1c304646d1d8a68599d27396fff3cb65"
"96",2018-03-12,"I1800245","Beoordelen inkoopfactuur",2018-03-15 14:38:24,"1c304646d1d8a68599d27396fff3cb65"
"97",2018-03-12,"I1800246","Accorderen inkoopfactuur",2018-03-18 13:52:01,"3f309e071cff9027995b0b80691d6369"
"98",2018-04-03,"I1800320","Inkoopfactuur <= 5.000",2018-04-09 08:22:36,"abdc6e9dade886e0d35ceab9951ebeda"
"99",2018-04-03,"I1800320","Beoordelen inkoopfactuur",2018-04-13 08:30:27,"a236777427335712ed2249025f1acda2"
"100",2018-04-03,"I1800320","Accorderen inkoopfactuur",2018-04-16 14:18:53,"3f309e071cff9027995b0b80691d6369"
"101",2018-03-02,"I1800223","Inkoopfactuur <= 5.000",2018-03-08 08:47:43,"abdc6e9dade886e0d35ceab9951ebeda"
"102",2018-03-02,"I1800223","Beoordelen inkoopfactuur",2018-03-12 09:52:37,"a236777427335712ed2249025f1acda2"
"103",2018-03-02,"I1800223","Accorderen inkoopfactuur",2018-03-13 11:10:40,"3f309e071cff9027995b0b80691d6369"
"104",2018-03-31,"I1800357","Inkoopfactuur <= 5.000",2018-04-12 15:17:38,"abdc6e9dade886e0d35ceab9951ebeda"
"105",2018-03-31,"I1800357","Beoordelen inkoopfactuur",2018-04-16 14:24:14,"3f309e071cff9027995b0b80691d6369"
"106",2018-03-31,"I1800357","Accorderen inkoopfactuur",2018-04-16 14:24:21,"3f309e071cff9027995b0b80691d6369"
"107",2018-04-05,"I1800356","Inkoopfactuur <= 5.000",2018-04-12 15:13:16,"abdc6e9dade886e0d35ceab9951ebeda"
"108",2018-04-05,"I1800356","Beoordelen inkoopfactuur",2018-04-13 10:05:31,"ce89fe3400440ded691ebea966fbf59a"
"109",2018-04-05,"I1800356","Accorderen inkoopfactuur",2018-04-16 14:19:24,"3f309e071cff9027995b0b80691d6369"
"110",2018-03-21,"I1800276","Beoordelen inkoopfactuur",2018-03-22 16:50:36,"ce89fe3400440ded691ebea966fbf59a"
"111",2018-03-21,"I1800276","Accorderen inkoopfactuur",2018-03-27 08:17:14,"3f309e071cff9027995b0b80691d6369"
"112",2018-04-05,"I1800340","Inkoopfactuur <= 5.000",2018-04-09 14:44:48,"abdc6e9dade886e0d35ceab9951ebeda"
"113",2018-04-05,"I1800340","Beoordelen inkoopfactuur",2018-04-10 12:44:46,"ce89fe3400440ded691ebea966fbf59a"
"114",2018-04-05,"I1800340","Accorderen inkoopfactuur",2018-04-10 15:32:14,"524fdb068748af57469e4dc7edf8e89d"
"115",2018-03-21,"I1800276","Inkoopfactuur <= 5.000",2018-03-22 10:03:21,"abdc6e9dade886e0d35ceab9951ebeda"
"116",2018-04-05,"I1800352","Inkoopfactuur <= 5.000",2018-04-12 14:57:19,"abdc6e9dade886e0d35ceab9951ebeda"
"117",2018-04-05,"I1800352","Beoordelen inkoopfactuur",2018-04-16 14:23:58,"3f309e071cff9027995b0b80691d6369"
"118",2018-04-05,"I1800352","Accorderen inkoopfactuur",2018-04-16 14:24:05,"3f309e071cff9027995b0b80691d6369"
"119",2018-03-27,"I1800303","Accorderen inkoopfactuur",2018-04-05 12:49:12,"3f309e071cff9027995b0b80691d6369"
"120",2018-04-04,"I1800327","Inkoopfactuur <= 5.000",2018-04-09 08:29:06,"abdc6e9dade886e0d35ceab9951ebeda"
"121",2018-04-04,"I1800327","Beoordelen inkoopfactuur",2018-04-09 14:57:04,"3f309e071cff9027995b0b80691d6369"
"122",2018-04-04,"I1800327","Accorderen inkoopfactuur",2018-04-09 14:57:12,"3f309e071cff9027995b0b80691d6369"
"123",2018-03-27,"I1800303","Beoordelen inkoopfactuur",2018-04-05 12:49:05,"3f309e071cff9027995b0b80691d6369"
"124",2018-03-27,"I1800303","Inkoopfactuur <= 5.000",2018-03-29 16:11:31,"abdc6e9dade886e0d35ceab9951ebeda"
"125",2018-03-23,"I1800295","Inkoopfactuur <= 5.000",2018-03-29 15:52:40,"abdc6e9dade886e0d35ceab9951ebeda"
"126",2018-03-23,"I1800295","Beoordelen inkoopfactuur",2018-03-29 16:29:03,"a216d47a59899311f48cfe17ad176b09"
"127",2018-03-23,"I1800295","Accorderen inkoopfactuur",2018-04-05 12:53:15,"3f309e071cff9027995b0b80691d6369"
"128",2018-03-30,"I1800305","Accorderen inkoopfactuur",2018-04-09 14:50:31,"3f309e071cff9027995b0b80691d6369"
"129",2018-03-30,"I1800305","Inkoopfactuur <= 5.000",2018-04-09 08:00:20,"abdc6e9dade886e0d35ceab9951ebeda"
"130",2018-03-30,"I1800305","Beoordelen inkoopfactuur",2018-04-09 12:35:28,"93961ffaa8be38d6608bbdfa36178fdf"
"131",2018-04-05,"I1800337","Inkoopfactuur <= 5.000",2018-04-09 14:19:13,"abdc6e9dade886e0d35ceab9951ebeda"
"132",2018-04-05,"I1800337","Beoordelen inkoopfactuur",2018-04-09 14:51:44,"3f309e071cff9027995b0b80691d6369"
"133",2018-04-05,"I1800337","Accorderen inkoopfactuur",2018-04-09 14:51:53,"3f309e071cff9027995b0b80691d6369"
"134",2018-04-04,"I1800334","Beoordelen inkoopfactuur",2018-04-16 14:56:08,"2bdc2f5d286fc7d297896e561064a593"
"135",2018-04-04,"I1800334","Accorderen inkoopfactuur",2018-04-17 09:40:24,"524fdb068748af57469e4dc7edf8e89d"
"136",2018-04-04,"I1800334","Verwerk de reacties!",2018-04-19 08:33:55,"abdc6e9dade886e0d35ceab9951ebeda"
"137",2018-03-31,"I1800331","Beoordelen inkoopfactuur",2018-04-09 14:53:39,"3f309e071cff9027995b0b80691d6369"
"138",2018-03-31,"I1800331","Accorderen inkoopfactuur",2018-04-09 14:53:44,"3f309e071cff9027995b0b80691d6369"
"139",2018-03-31,"I1800332","Beoordelen inkoopfactuur",2018-04-09 14:53:53,"3f309e071cff9027995b0b80691d6369"
"140",2018-03-31,"I1800332","Accorderen inkoopfactuur",2018-04-09 14:54:27,"3f309e071cff9027995b0b80691d6369"
"141",2018-03-31,"I1800333","Beoordelen inkoopfactuur",2018-04-09 14:54:36,"3f309e071cff9027995b0b80691d6369"
"142",2018-03-31,"I1800333","Accorderen inkoopfactuur",2018-04-09 14:54:41,"3f309e071cff9027995b0b80691d6369"
"143",2018-03-31,"I1800331","Inkoopfactuur <= 5.000",2018-04-09 13:53:49,"abdc6e9dade886e0d35ceab9951ebeda"
"144",2018-03-31,"I1800332","Inkoopfactuur <= 5.000",2018-04-09 13:54:47,"abdc6e9dade886e0d35ceab9951ebeda"
"145",2018-03-31,"I1800333","Inkoopfactuur <= 5.000",2018-04-09 13:56:23,"abdc6e9dade886e0d35ceab9951ebeda"
"146",2018-04-04,"I1800334","Inkoopfactuur <= 5.000",2018-04-09 13:57:34,"abdc6e9dade886e0d35ceab9951ebeda"
"147",2018-04-04,"I1800334","Beoordelen inkoopfactuur",2018-04-09 14:00:30,"99fcb711c97118db437f1ee4296b83e9"
"148",2018-04-04,"I1800334","Beoordelen inkoopfactuur",2018-04-09 14:04:06,"abdc6e9dade886e0d35ceab9951ebeda"
"149",2018-03-21,"I1800290","Inkoopfactuur <= 5.000",2018-03-29 15:07:39,"abdc6e9dade886e0d35ceab9951ebeda"
"150",2018-04-01,"I1800292","Inkoopfactuur <= 5.000",2018-03-29 15:18:13,"abdc6e9dade886e0d35ceab9951ebeda"
"151",2018-03-21,"I1800290","Beoordelen inkoopfactuur",2018-04-03 10:30:17,"2bdc2f5d286fc7d297896e561064a593"
"152",2018-03-21,"I1800290","Accorderen inkoopfactuur",2018-04-05 12:46:20,"3f309e071cff9027995b0b80691d6369"
"153",2018-04-01,"I1800292","Beoordelen inkoopfactuur",2018-04-05 12:49:42,"3f309e071cff9027995b0b80691d6369"
"154",2018-04-01,"I1800292","Accorderen inkoopfactuur",2018-04-05 12:49:47,"3f309e071cff9027995b0b80691d6369"
"155",2018-02-28,"I1800241","Inkoopfactuur <= 5.000",2018-03-15 10:19:27,"abdc6e9dade886e0d35ceab9951ebeda"
"156",2018-02-28,"I1800247","Inkoopfactuur <= 5.000",2018-03-15 10:50:33,"abdc6e9dade886e0d35ceab9951ebeda"
"157",2018-02-28,"I1800241","Beoordelen inkoopfactuur",2018-03-18 13:52:17,"3f309e071cff9027995b0b80691d6369"
"158",2018-02-28,"I1800241","Accorderen inkoopfactuur",2018-03-18 13:52:24,"3f309e071cff9027995b0b80691d6369"
"159",2018-02-28,"I1800247","Beoordelen inkoopfactuur",2018-03-18 13:53:06,"3f309e071cff9027995b0b80691d6369"
"160",2018-02-28,"I1800247","Accorderen inkoopfactuur",2018-03-18 13:53:11,"3f309e071cff9027995b0b80691d6369"
"161",2018-02-28,"I1800234","Inkoopfactuur <= 5.000",2018-03-08 10:18:40,"abdc6e9dade886e0d35ceab9951ebeda"
"162",2018-03-06,"I1800235","Inkoopfactuur <= 5.000",2018-03-08 10:20:01,"abdc6e9dade886e0d35ceab9951ebeda"
"163",2018-02-28,"I1800234","Beoordelen inkoopfactuur",2018-03-08 11:14:31,"3f309e071cff9027995b0b80691d6369"
"164",2018-02-28,"I1800234","Accorderen inkoopfactuur",2018-03-08 11:14:57,"3f309e071cff9027995b0b80691d6369"
"165",2018-03-06,"I1800235","Beoordelen inkoopfactuur",2018-03-12 09:48:33,"2bdc2f5d286fc7d297896e561064a593"
"166",2018-03-06,"I1800235","Accorderen inkoopfactuur",2018-03-13 11:10:21,"3f309e071cff9027995b0b80691d6369"
"167",2018-04-04,"I1800326","Accorderen inkoopfactuur",2018-04-09 14:51:14,"3f309e071cff9027995b0b80691d6369"
"168",2018-04-04,"I1800326","Inkoopfactuur <= 5.000",2018-04-09 08:27:35,"abdc6e9dade886e0d35ceab9951ebeda"
"169",2018-04-04,"I1800324","Beoordelen inkoopfactuur",2018-04-09 14:02:04,"2bdc2f5d286fc7d297896e561064a593"
"170",2018-04-04,"I1800325","Beoordelen inkoopfactuur",2018-04-09 14:07:09,"2bdc2f5d286fc7d297896e561064a593"
"171",2018-04-04,"I1800326","Beoordelen inkoopfactuur",2018-04-09 14:09:27,"2bdc2f5d286fc7d297896e561064a593"
"172",2018-04-04,"I1800324","Accorderen inkoopfactuur",2018-04-09 14:50:48,"3f309e071cff9027995b0b80691d6369"
"173",2018-04-04,"I1800325","Accorderen inkoopfactuur",2018-04-09 14:51:06,"3f309e071cff9027995b0b80691d6369"
"174",2018-03-05,"I1800221","Beoordelen inkoopfactuur",2018-03-08 09:05:00,"2bdc2f5d286fc7d297896e561064a593"
"175",2018-03-05,"I1800222","Beoordelen inkoopfactuur",2018-03-08 09:05:18,"2bdc2f5d286fc7d297896e561064a593"
"176",2018-03-05,"I1800221","Accorderen inkoopfactuur",2018-03-08 11:11:17,"3f309e071cff9027995b0b80691d6369"
"177",2018-03-05,"I1800222","Accorderen inkoopfactuur",2018-03-08 11:11:25,"3f309e071cff9027995b0b80691d6369"
"178",2018-04-04,"I1800324","Inkoopfactuur <= 5.000",2018-04-09 08:25:50,"abdc6e9dade886e0d35ceab9951ebeda"
"179",2018-04-04,"I1800325","Inkoopfactuur <= 5.000",2018-04-09 08:26:34,"abdc6e9dade886e0d35ceab9951ebeda"
"180",2018-03-05,"I1800221","Inkoopfactuur <= 5.000",2018-03-08 08:38:23,"abdc6e9dade886e0d35ceab9951ebeda"
"181",2018-03-05,"I1800222","Inkoopfactuur <= 5.000",2018-03-08 08:40:13,"abdc6e9dade886e0d35ceab9951ebeda"
"182",2018-02-24,"I1800209","Inkoopfactuur <= 5.000",2018-03-04 09:51:35,"abdc6e9dade886e0d35ceab9951ebeda"
"183",2018-03-31,"I1800328","Beoordelen inkoopfactuur",2018-04-09 09:39:28,"ce89fe3400440ded691ebea966fbf59a"
"184",2018-03-31,"I1800328","Accorderen inkoopfactuur",2018-04-09 14:50:11,"3f309e071cff9027995b0b80691d6369"
"185",2018-02-24,"I1800209","Accorderen inkoopfactuur",2018-03-08 11:16:04,"3f309e071cff9027995b0b80691d6369"
"186",2018-03-17,"I1800269","Inkoopfactuur <= 5.000",2018-03-20 09:18:55,"abdc6e9dade886e0d35ceab9951ebeda"
"187",2018-03-17,"I1800269","Beoordelen inkoopfactuur",2018-03-20 11:54:09,"3f309e071cff9027995b0b80691d6369"
"188",2018-03-17,"I1800269","Beoordelen inkoopfactuur",2018-03-20 12:33:01,"1c304646d1d8a68599d27396fff3cb65"
"189",2018-03-17,"I1800269","Accorderen inkoopfactuur",2018-03-22 06:38:29,"3f309e071cff9027995b0b80691d6369"
"190",2018-03-31,"I1800328","Inkoopfactuur <= 5.000",2018-04-09 08:29:53,"abdc6e9dade886e0d35ceab9951ebeda"
"191",2018-02-24,"I1800209","Beoordelen inkoopfactuur",2018-03-06 06:13:56,"3f309e071cff9027995b0b80691d6369"
"192",2018-02-24,"I1800209","Beoordelen inkoopfactuur",2018-03-06 16:12:31,"abdc6e9dade886e0d35ceab9951ebeda"
"193",2018-02-24,"I1800209","Beoordelen inkoopfactuur",2018-03-08 11:15:50,"3f309e071cff9027995b0b80691d6369"
"194",2018-04-09,"I1800344","Inkoopfactuur <= 5.000",2018-04-12 11:48:33,"abdc6e9dade886e0d35ceab9951ebeda"
"195",2018-04-09,"I1800344","Beoordelen inkoopfactuur",2018-04-16 10:04:00,"a216d47a59899311f48cfe17ad176b09"
"196",2018-04-09,"I1800344","Accorderen inkoopfactuur",2018-04-16 14:21:10,"3f309e071cff9027995b0b80691d6369"
"197",2018-04-09,"I1800344","Accorderen inkoopfactuur",2018-04-16 14:55:56,"2bdc2f5d286fc7d297896e561064a593"
"198",2018-04-09,"I1800344","Accorderen inkoopfactuur",2018-04-17 09:39:10,"524fdb068748af57469e4dc7edf8e89d"
"199",2018-04-03,"I1800321","Inkoopfactuur <= 5.000",2018-04-09 08:23:00,"abdc6e9dade886e0d35ceab9951ebeda"
"200",2018-04-03,"I1800321","Beoordelen inkoopfactuur",2018-04-09 14:56:36,"3f309e071cff9027995b0b80691d6369"
"201",2018-04-03,"I1800321","Accorderen inkoopfactuur",2018-04-09 14:56:41,"3f309e071cff9027995b0b80691d6369"
"202",2018-03-12,"I1800242","Inkoopfactuur <= 5.000",2018-03-15 10:22:47,"abdc6e9dade886e0d35ceab9951ebeda"
"203",2018-03-12,"I1800242","Beoordelen inkoopfactuur",2018-03-18 13:52:53,"3f309e071cff9027995b0b80691d6369"
"204",2018-03-12,"I1800242","Accorderen inkoopfactuur",2018-03-18 13:52:59,"3f309e071cff9027995b0b80691d6369"
"205",2018-01-31,"I1800268","Inkoopfactuur <= 5.000",2018-03-20 09:16:50,"abdc6e9dade886e0d35ceab9951ebeda"
"206",2018-01-31,"I1800268","Beoordelen inkoopfactuur",2018-03-21 13:03:45,"077105d56ec3db5318815244824f663b"
"207",2018-01-31,"I1800268","Accorderen inkoopfactuur",2018-03-22 06:42:08,"3f309e071cff9027995b0b80691d6369"
"208",2018-01-31,"I1800268","Accorderen inkoopfactuur",2018-04-05 15:06:27,"524fdb068748af57469e4dc7edf8e89d"
"209",2018-01-31,"I1800268","Accorderen inkoopfactuur",2018-04-05 15:06:32,"524fdb068748af57469e4dc7edf8e89d"
"210",2018-03-31,"I1800306","Accorderen inkoopfactuur",2018-04-16 14:19:51,"3f309e071cff9027995b0b80691d6369"
"211",2018-03-31,"I1800306","Inkoopfactuur <= 5.000",2018-04-09 08:02:24,"abdc6e9dade886e0d35ceab9951ebeda"
"212",2018-03-31,"I1800306","Beoordelen inkoopfactuur",2018-04-13 19:22:38,"077105d56ec3db5318815244824f663b"
"213",2018-02-09,"I1800233","Inkoopfactuur <= 5.000",2018-03-08 10:17:43,"abdc6e9dade886e0d35ceab9951ebeda"
"214",2018-02-09,"I1800233","Beoordelen inkoopfactuur",2018-03-12 17:44:35,"077105d56ec3db5318815244824f663b"
"215",2018-02-09,"I1800233","Accorderen inkoopfactuur",2018-03-13 11:08:03,"3f309e071cff9027995b0b80691d6369"
"216",2018-04-12,"I1800347","Inkoopfactuur <= 5.000",2018-04-12 14:42:57,"abdc6e9dade886e0d35ceab9951ebeda"
"217",2018-04-12,"I1800347","Beoordelen inkoopfactuur",2018-04-12 15:25:16,"abdc6e9dade886e0d35ceab9951ebeda"
"218",2018-04-12,"I1800347","Accorderen inkoopfactuur",2018-04-16 14:18:03,"3f309e071cff9027995b0b80691d6369"
"219",2018-04-10,"I1800346","Accorderen inkoopfactuur",2018-04-16 14:22:24,"3f309e071cff9027995b0b80691d6369"
"220",2018-04-10,"I1800346","Inkoopfactuur <= 5.000",2018-04-12 14:42:06,"abdc6e9dade886e0d35ceab9951ebeda"
"221",2018-04-10,"I1800346","Beoordelen inkoopfactuur",2018-04-16 14:22:14,"3f309e071cff9027995b0b80691d6369"
"222",2018-03-06,"I1800239","Inkoopfactuur <= 5.000",2018-03-08 10:30:59,"abdc6e9dade886e0d35ceab9951ebeda"
"223",2018-03-06,"I1800239","Beoordelen inkoopfactuur",2018-03-12 17:44:50,"077105d56ec3db5318815244824f663b"
"224",2018-03-06,"I1800239","Accorderen inkoopfactuur",2018-03-13 11:08:35,"3f309e071cff9027995b0b80691d6369"
"225",2018-04-03,"I1800317","Beoordelen inkoopfactuur",2018-04-09 19:32:13,"524fdb068748af57469e4dc7edf8e89d"
"226",2018-04-03,"I1800317","Accorderen inkoopfactuur",2018-04-09 19:32:19,"524fdb068748af57469e4dc7edf8e89d"
"227",2018-04-03,"I1800317","Inkoopfactuur <= 5.000",2018-04-09 08:16:31,"abdc6e9dade886e0d35ceab9951ebeda"
"228",2018-02-19,"I1800205","Inkoopfactuur <= 5.000",2018-03-04 09:33:55,"abdc6e9dade886e0d35ceab9951ebeda"
"229",2018-02-19,"I1800206","Inkoopfactuur <= 5.000",2018-03-04 09:36:19,"abdc6e9dade886e0d35ceab9951ebeda"
"230",2018-03-23,"I1800289","Beoordelen inkoopfactuur",2018-03-29 15:41:50,"ce89fe3400440ded691ebea966fbf59a"
"231",2018-03-22,"I1800288","Accorderen inkoopfactuur",2018-04-05 12:52:41,"3f309e071cff9027995b0b80691d6369"
"232",2018-03-23,"I1800289","Accorderen inkoopfactuur",2018-04-05 12:52:54,"3f309e071cff9027995b0b80691d6369"
"233",2018-02-19,"I1800206","Accorderen inkoopfactuur",2018-03-06 06:10:54,"3f309e071cff9027995b0b80691d6369"
"234",2018-02-19,"I1800205","Accorderen inkoopfactuur",2018-03-13 14:18:36,"524fdb068748af57469e4dc7edf8e89d"
"235",2018-02-19,"I1800205","Accorderen inkoopfactuur",2018-03-13 14:18:43,"524fdb068748af57469e4dc7edf8e89d"
"236",2018-03-22,"I1800288","Inkoopfactuur <= 5.000",2018-03-29 15:00:36,"abdc6e9dade886e0d35ceab9951ebeda"
"237",2018-03-23,"I1800289","Inkoopfactuur <= 5.000",2018-03-29 15:02:59,"abdc6e9dade886e0d35ceab9951ebeda"
"238",2018-03-22,"I1800288","Beoordelen inkoopfactuur",2018-03-29 15:33:51,"ce89fe3400440ded691ebea966fbf59a"
"239",2018-02-09,"I1800207","Inkoopfactuur <= 5.000",2018-03-04 09:38:22,"abdc6e9dade886e0d35ceab9951ebeda"
"240",2018-02-09,"I1800207","Beoordelen inkoopfactuur",2018-03-05 09:21:07,"ae16f6dd57a3df272fd619111c714ba5"
"241",2018-02-19,"I1800205","Beoordelen inkoopfactuur",2018-03-05 09:22:27,"ae16f6dd57a3df272fd619111c714ba5"
"242",2018-02-19,"I1800206","Beoordelen inkoopfactuur",2018-03-05 09:22:42,"ae16f6dd57a3df272fd619111c714ba5"
"243",2018-02-09,"I1800207","Accorderen inkoopfactuur",2018-03-06 06:09:36,"3f309e071cff9027995b0b80691d6369"
"244",2018-02-19,"I1800205","Accorderen inkoopfactuur",2018-03-06 06:10:42,"3f309e071cff9027995b0b80691d6369"
"245",2018-04-10,"I1800349","Inkoopfactuur <= 5.000",2018-04-12 14:46:46,"abdc6e9dade886e0d35ceab9951ebeda"
"246",2018-04-10,"I1800349","Beoordelen inkoopfactuur",2018-04-16 14:22:35,"3f309e071cff9027995b0b80691d6369"
"247",2018-04-10,"I1800349","Accorderen inkoopfactuur",2018-04-16 14:22:56,"3f309e071cff9027995b0b80691d6369"
"248",2018-04-03,"I1800315","Inkoopfactuur <= 5.000",2018-04-09 08:14:04,"abdc6e9dade886e0d35ceab9951ebeda"
"249",2018-04-03,"I1800316","Inkoopfactuur <= 5.000",2018-04-09 08:14:54,"abdc6e9dade886e0d35ceab9951ebeda"
"250",2018-04-03,"I1800315","Beoordelen inkoopfactuur",2018-04-09 14:56:00,"3f309e071cff9027995b0b80691d6369"
"251",2018-04-03,"I1800315","Accorderen inkoopfactuur",2018-04-09 14:56:05,"3f309e071cff9027995b0b80691d6369"
"252",2018-04-03,"I1800316","Beoordelen inkoopfactuur",2018-04-09 14:56:14,"3f309e071cff9027995b0b80691d6369"
"253",2018-04-03,"I1800316","Accorderen inkoopfactuur",2018-04-09 14:56:19,"3f309e071cff9027995b0b80691d6369"
"254",2018-03-28,"I1800300","Inkoopfactuur <= 5.000",2018-03-29 15:59:07,"abdc6e9dade886e0d35ceab9951ebeda"
"255",2018-03-28,"I1800301","Inkoopfactuur <= 5.000",2018-03-29 16:00:35,"abdc6e9dade886e0d35ceab9951ebeda"
"256",2018-03-28,"I1800300","Beoordelen inkoopfactuur",2018-04-05 12:47:32,"3f309e071cff9027995b0b80691d6369"
"257",2018-03-28,"I1800300","Accorderen inkoopfactuur",2018-04-05 12:47:47,"3f309e071cff9027995b0b80691d6369"
"258",2018-03-28,"I1800301","Beoordelen inkoopfactuur",2018-04-05 12:47:56,"3f309e071cff9027995b0b80691d6369"
"259",2018-03-28,"I1800301","Accorderen inkoopfactuur",2018-04-05 12:48:01,"3f309e071cff9027995b0b80691d6369"
"260",2018-03-13,"I1800266","Inkoopfactuur <= 5.000",2018-03-20 08:54:51,"abdc6e9dade886e0d35ceab9951ebeda"
"261",2018-03-13,"I1800266","Beoordelen inkoopfactuur",2018-03-20 11:53:27,"3f309e071cff9027995b0b80691d6369"
"262",2018-03-13,"I1800266","Accorderen inkoopfactuur",2018-03-20 11:53:40,"3f309e071cff9027995b0b80691d6369"
"263",2018-03-20,"I1800281","Inkoopfactuur <= 5.000",2018-03-22 10:12:00,"abdc6e9dade886e0d35ceab9951ebeda"
"264",2018-03-20,"I1800281","Beoordelen inkoopfactuur",2018-03-27 08:18:39,"3f309e071cff9027995b0b80691d6369"
"265",2018-03-20,"I1800281","Accorderen inkoopfactuur",2018-03-27 08:18:53,"3f309e071cff9027995b0b80691d6369"
"266",2018-03-06,"I1800236","Inkoopfactuur <= 5.000",2018-03-08 10:26:35,"abdc6e9dade886e0d35ceab9951ebeda"
"267",2018-03-06,"I1800237","Inkoopfactuur <= 5.000",2018-03-08 10:27:42,"abdc6e9dade886e0d35ceab9951ebeda"
"268",2018-03-06,"I1800236","Beoordelen inkoopfactuur",2018-03-08 11:15:08,"3f309e071cff9027995b0b80691d6369"
"269",2018-03-06,"I1800236","Accorderen inkoopfactuur",2018-03-08 11:15:16,"3f309e071cff9027995b0b80691d6369"
"270",2018-03-06,"I1800237","Beoordelen inkoopfactuur",2018-03-08 11:15:25,"3f309e071cff9027995b0b80691d6369"
"271",2018-03-06,"I1800237","Accorderen inkoopfactuur",2018-03-08 11:15:32,"3f309e071cff9027995b0b80691d6369"
"272",2018-03-07,"I1800248","Inkoopfactuur <= 5.000",2018-03-15 10:51:50,"abdc6e9dade886e0d35ceab9951ebeda"
"273",2018-03-07,"I1800248","Beoordelen inkoopfactuur",2018-03-18 13:53:21,"3f309e071cff9027995b0b80691d6369"
"274",2018-03-07,"I1800248","Accorderen inkoopfactuur",2018-03-18 13:53:27,"3f309e071cff9027995b0b80691d6369"
"275",2018-04-06,"I1800351","Inkoopfactuur <= 5.000",2018-04-12 14:53:44,"abdc6e9dade886e0d35ceab9951ebeda"
"276",2018-04-06,"I1800351","Beoordelen inkoopfactuur",2018-04-16 14:23:12,"3f309e071cff9027995b0b80691d6369"
"277",2018-04-06,"I1800351","Accorderen inkoopfactuur",2018-04-16 14:23:22,"3f309e071cff9027995b0b80691d6369"
"278",2018-03-06,"I1800250","Inkoopfactuur <= 5.000",2018-03-15 10:55:59,"abdc6e9dade886e0d35ceab9951ebeda"
"279",2018-03-06,"I1800250","Beoordelen inkoopfactuur",2018-03-18 16:24:44,"3f309e071cff9027995b0b80691d6369"
"280",2018-03-06,"I1800250","Accorderen inkoopfactuur",2018-03-18 16:24:49,"3f309e071cff9027995b0b80691d6369"
"281",2018-03-07,"I1800231","Inkoopfactuur <= 5.000",2018-03-08 10:09:40,"abdc6e9dade886e0d35ceab9951ebeda"
"282",2018-03-07,"I1800231","Beoordelen inkoopfactuur",2018-03-08 10:10:14,"abdc6e9dade886e0d35ceab9951ebeda"
"283",2018-03-07,"I1800231","Accorderen inkoopfactuur",2018-03-08 11:11:41,"3f309e071cff9027995b0b80691d6369"
"284",2018-03-08,"I1800243","Inkoopfactuur <= 5.000",2018-03-15 10:41:46,"abdc6e9dade886e0d35ceab9951ebeda"
"285",2018-03-08,"I1800243","Beoordelen inkoopfactuur",2018-03-15 12:00:43,"ae16f6dd57a3df272fd619111c714ba5"
"286",2018-03-08,"I1800243","Accorderen inkoopfactuur",2018-03-18 13:51:48,"3f309e071cff9027995b0b80691d6369"
"287",2018-04-22,"I1800345","Inkoopfactuur <= 5.000",2018-04-12 14:41:07,"abdc6e9dade886e0d35ceab9951ebeda"
"288",2018-04-22,"I1800345","Beoordelen inkoopfactuur",2018-04-13 07:45:15,"ae16f6dd57a3df272fd619111c714ba5"
"289",2018-04-22,"I1800345","Accorderen inkoopfactuur",2018-04-16 14:18:28,"3f309e071cff9027995b0b80691d6369"
"290",2018-03-30,"I1800335","Inkoopfactuur <= 5.000",2018-04-09 14:14:55,"abdc6e9dade886e0d35ceab9951ebeda"
"291",2018-03-30,"I1800335","Beoordelen inkoopfactuur",2018-04-17 08:22:46,"99fcb711c97118db437f1ee4296b83e9"
"292",2018-03-30,"I1800335","Accorderen inkoopfactuur",2018-04-17 09:41:03,"524fdb068748af57469e4dc7edf8e89d"
"293",2018-03-23,"I1800297","Inkoopfactuur <= 5.000",2018-03-29 15:55:42,"abdc6e9dade886e0d35ceab9951ebeda"
"294",2018-03-23,"I1800297","Beoordelen inkoopfactuur",2018-03-30 11:43:30,"077105d56ec3db5318815244824f663b"
"295",2018-03-23,"I1800297","Accorderen inkoopfactuur",2018-04-05 12:37:47,"3f309e071cff9027995b0b80691d6369"
"296",2018-03-21,"I1800280","Inkoopfactuur <= 5.000",2018-03-22 10:10:49,"abdc6e9dade886e0d35ceab9951ebeda"
"297",2018-03-21,"I1800280","Beoordelen inkoopfactuur",2018-03-26 09:29:38,"a216d47a59899311f48cfe17ad176b09"
"298",2018-03-21,"I1800280","Accorderen inkoopfactuur",2018-03-27 08:17:34,"3f309e071cff9027995b0b80691d6369"
"299",2018-03-04,"I1800211","Inkoopfactuur <= 5.000",2018-03-06 15:57:24,"abdc6e9dade886e0d35ceab9951ebeda"
"300",2018-03-04,"I1800211","Beoordelen inkoopfactuur",2018-03-06 15:58:16,"abdc6e9dade886e0d35ceab9951ebeda"
"301",2018-03-04,"I1800211","Accorderen inkoopfactuur",2018-03-08 11:12:13,"3f309e071cff9027995b0b80691d6369"
"302",2018-04-10,"I1800361","Inkoopfactuur <= 5.000",2018-04-16 12:45:55,"abdc6e9dade886e0d35ceab9951ebeda"
"303",2018-04-10,"I1800361","Beoordelen inkoopfactuur",2018-04-16 13:09:57,"ae16f6dd57a3df272fd619111c714ba5"
"304",2018-04-10,"I1800361","Accorderen inkoopfactuur",2018-04-16 14:21:26,"3f309e071cff9027995b0b80691d6369"
"305",2018-02-28,"I1800238","Inkoopfactuur <= 5.000",2018-03-08 10:29:57,"abdc6e9dade886e0d35ceab9951ebeda"
"306",2018-02-28,"I1800238","Beoordelen inkoopfactuur",2018-03-12 09:49:17,"2bdc2f5d286fc7d297896e561064a593"
"307",2018-02-28,"I1800238","Accorderen inkoopfactuur",2018-03-13 11:10:30,"3f309e071cff9027995b0b80691d6369"
"308",2018-03-31,"I1800341","Inkoopfactuur <= 5.000",2018-04-09 14:49:14,"abdc6e9dade886e0d35ceab9951ebeda"
"309",2018-03-31,"I1800341","Beoordelen inkoopfactuur",2018-04-18 14:04:38,"2bdc2f5d286fc7d297896e561064a593"
"310",2018-03-31,"I1800341","Accorderen inkoopfactuur",2018-04-30 10:41:21,"3f309e071cff9027995b0b80691d6369"
"311",2018-03-26,"I1800291","Inkoopfactuur <= 5.000",2018-03-29 15:15:42,"abdc6e9dade886e0d35ceab9951ebeda"
"312",2018-03-26,"I1800291","Beoordelen inkoopfactuur",2018-03-30 11:43:12,"077105d56ec3db5318815244824f663b"
"313",2018-03-26,"I1800291","Accorderen inkoopfactuur",2018-04-05 12:50:08,"3f309e071cff9027995b0b80691d6369"
"314",2018-03-01,"I1800255","Inkoopfactuur <= 5.000",2018-03-20 08:16:55,"abdc6e9dade886e0d35ceab9951ebeda"
"315",2018-03-01,"I1800255","Beoordelen inkoopfactuur",2018-03-20 11:52:48,"3f309e071cff9027995b0b80691d6369"
"316",2018-03-01,"I1800255","Accorderen inkoopfactuur",2018-03-20 11:52:54,"3f309e071cff9027995b0b80691d6369"
"317",2018-02-26,"I1800208","Inkoopfactuur <= 5.000",2018-03-04 09:43:15,"abdc6e9dade886e0d35ceab9951ebeda"
"318",2018-02-26,"I1800208","Beoordelen inkoopfactuur",2018-03-06 06:12:43,"3f309e071cff9027995b0b80691d6369"
"319",2018-02-26,"I1800208","Accorderen inkoopfactuur",2018-03-06 06:13:05,"3f309e071cff9027995b0b80691d6369"
"320",2018-02-26,"I1800220","Inkoopfactuur <= 5.000",2018-03-08 08:34:27,"abdc6e9dade886e0d35ceab9951ebeda"
"321",2018-02-26,"I1800220","Beoordelen inkoopfactuur",2018-03-08 11:14:12,"3f309e071cff9027995b0b80691d6369"
"322",2018-02-26,"I1800220","Accorderen inkoopfactuur",2018-03-08 11:14:17,"3f309e071cff9027995b0b80691d6369"
"323",2018-03-15,"I1800272","Inkoopfactuur <= 5.000",2018-03-20 09:48:57,"abdc6e9dade886e0d35ceab9951ebeda"
"324",2018-03-15,"I1800272","Beoordelen inkoopfactuur",2018-03-29 08:03:21,"abdc6e9dade886e0d35ceab9951ebeda"
"325",2018-03-15,"I1800272","Accorderen inkoopfactuur",2018-03-29 08:03:48,"abdc6e9dade886e0d35ceab9951ebeda"
"326",2018-03-15,"I1800272","Accorderen inkoopfactuur",2018-03-29 21:17:53,"99fcb711c97118db437f1ee4296b83e9"
"327",2018-03-15,"I1800272","Accorderen inkoopfactuur",2018-04-05 12:52:27,"3f309e071cff9027995b0b80691d6369"
"328",2018-03-15,"I1800267","Inkoopfactuur <= 5.000",2018-03-20 08:56:37,"abdc6e9dade886e0d35ceab9951ebeda"
"329",2018-03-15,"I1800267","Beoordelen inkoopfactuur",2018-04-03 09:42:27,"a216d47a59899311f48cfe17ad176b09"
"330",2018-03-15,"I1800267","Beoordelen inkoopfactuur",2018-04-03 09:46:19,"ce89fe3400440ded691ebea966fbf59a"
"331",2018-03-15,"I1800267","Accorderen inkoopfactuur",2018-04-05 12:38:59,"3f309e071cff9027995b0b80691d6369"
"332",2018-03-15,"I1800267","Accorderen inkoopfactuur",2018-04-09 13:56:20,"2bdc2f5d286fc7d297896e561064a593"
"333",2018-03-15,"I1800267","Accorderen inkoopfactuur",2018-04-09 14:49:27,"3f309e071cff9027995b0b80691d6369"
"334",2018-03-08,"I1800226","Inkoopfactuur <= 5.000",2018-03-08 10:01:08,"abdc6e9dade886e0d35ceab9951ebeda"
"335",2018-03-08,"I1800226","Beoordelen inkoopfactuur",2018-03-12 17:44:19,"077105d56ec3db5318815244824f663b"
"336",2018-03-08,"I1800226","Accorderen inkoopfactuur",2018-03-13 11:09:03,"3f309e071cff9027995b0b80691d6369"
"337",2018-04-04,"I1800323","Inkoopfactuur <= 5.000",2018-04-09 08:24:24,"abdc6e9dade886e0d35ceab9951ebeda"
"338",2018-04-04,"I1800323","Beoordelen inkoopfactuur",2018-04-09 14:56:50,"3f309e071cff9027995b0b80691d6369"
"339",2018-04-04,"I1800323","Accorderen inkoopfactuur",2018-04-09 14:56:54,"3f309e071cff9027995b0b80691d6369"
"340",2018-04-03,"I1800314","Inkoopfactuur <= 5.000",2018-04-09 08:13:10,"abdc6e9dade886e0d35ceab9951ebeda"
"341",2018-04-03,"I1800314","Beoordelen inkoopfactuur",2018-04-09 14:55:44,"3f309e071cff9027995b0b80691d6369"
"342",2018-04-03,"I1800314","Accorderen inkoopfactuur",2018-04-09 14:55:52,"3f309e071cff9027995b0b80691d6369"
"343",2018-03-16,"I1800256","Inkoopfactuur <= 5.000",2018-03-20 08:21:01,"abdc6e9dade886e0d35ceab9951ebeda"
"344",2018-03-16,"I1800258","Inkoopfactuur <= 5.000",2018-03-20 08:33:14,"abdc6e9dade886e0d35ceab9951ebeda"
"345",2018-03-16,"I1800259","Inkoopfactuur <= 5.000",2018-03-20 08:39:30,"abdc6e9dade886e0d35ceab9951ebeda"
"346",2018-03-16,"I1800260","Inkoopfactuur <= 5.000",2018-03-20 08:40:50,"abdc6e9dade886e0d35ceab9951ebeda"
"347",2018-03-16,"I1800261","Inkoopfactuur <= 5.000",2018-03-20 08:41:40,"abdc6e9dade886e0d35ceab9951ebeda"
"348",2018-03-16,"I1800262","Inkoopfactuur <= 5.000",2018-03-20 08:44:29,"abdc6e9dade886e0d35ceab9951ebeda"
"349",2018-03-16,"I1800258","Accorderen inkoopfactuur",2018-04-05 12:51:38,"3f309e071cff9027995b0b80691d6369"
"350",2018-03-16,"I1800256","Accorderen inkoopfactuur",2018-03-22 06:40:40,"3f309e071cff9027995b0b80691d6369"
"351",2018-03-16,"I1800259","Accorderen inkoopfactuur",2018-03-22 06:40:49,"3f309e071cff9027995b0b80691d6369"
"352",2018-03-16,"I1800260","Accorderen inkoopfactuur",2018-03-22 06:40:59,"3f309e071cff9027995b0b80691d6369"
"353",2018-03-16,"I1800261","Accorderen inkoopfactuur",2018-03-22 06:41:09,"3f309e071cff9027995b0b80691d6369"
"354",2018-03-16,"I1800262","Accorderen inkoopfactuur",2018-03-22 06:41:26,"3f309e071cff9027995b0b80691d6369"
"355",2018-03-16,"I1800258","Beoordelen inkoopfactuur",2018-03-29 21:17:32,"99fcb711c97118db437f1ee4296b83e9"
"356",2018-03-16,"I1800256","Beoordelen inkoopfactuur",2018-03-20 20:51:27,"2bdc2f5d286fc7d297896e561064a593"
"357",2018-03-16,"I1800258","Beoordelen inkoopfactuur",2018-03-20 20:52:19,"2bdc2f5d286fc7d297896e561064a593"
"358",2018-03-16,"I1800259","Beoordelen inkoopfactuur",2018-03-20 20:52:29,"2bdc2f5d286fc7d297896e561064a593"
"359",2018-03-16,"I1800260","Beoordelen inkoopfactuur",2018-03-20 20:52:45,"2bdc2f5d286fc7d297896e561064a593"
"360",2018-03-16,"I1800261","Beoordelen inkoopfactuur",2018-03-20 20:53:07,"2bdc2f5d286fc7d297896e561064a593"
"361",2018-03-16,"I1800262","Beoordelen inkoopfactuur",2018-03-20 20:53:19,"2bdc2f5d286fc7d297896e561064a593"
"362",2018-03-16,"I1800298","Inkoopfactuur <= 5.000",2018-03-29 15:57:10,"abdc6e9dade886e0d35ceab9951ebeda"
"363",2018-03-16,"I1800298","Beoordelen inkoopfactuur",2018-04-03 09:47:24,"ce89fe3400440ded691ebea966fbf59a"
"364",2018-03-16,"I1800298","Accorderen inkoopfactuur",2018-04-05 12:39:09,"3f309e071cff9027995b0b80691d6369"
"365",2018-03-23,"I1800296","Inkoopfactuur <= 5.000",2018-03-29 15:54:52,"abdc6e9dade886e0d35ceab9951ebeda"
"366",2018-03-23,"I1800296","Beoordelen inkoopfactuur",2018-03-30 11:44:04,"077105d56ec3db5318815244824f663b"
"367",2018-03-23,"I1800296","Accorderen inkoopfactuur",2018-04-05 12:38:00,"3f309e071cff9027995b0b80691d6369"
"368",2018-02-09,"I1800217","Accorderen inkoopfactuur",2018-03-13 11:09:23,"3f309e071cff9027995b0b80691d6369"
"369",2018-02-09,"I1800217","Inkoopfactuur <= 5.000",2018-03-08 08:21:13,"abdc6e9dade886e0d35ceab9951ebeda"
"370",2018-02-09,"I1800217","Beoordelen inkoopfactuur",2018-03-12 17:43:49,"077105d56ec3db5318815244824f663b"
"371",2018-04-05,"I1800336","Inkoopfactuur <= 5.000",2018-04-09 14:17:53,"abdc6e9dade886e0d35ceab9951ebeda"
"372",2018-04-05,"I1800336","Beoordelen inkoopfactuur",2018-04-13 19:24:31,"077105d56ec3db5318815244824f663b"
"373",2018-04-05,"I1800336","Accorderen inkoopfactuur",2018-04-16 14:20:19,"3f309e071cff9027995b0b80691d6369"
"374",2018-04-09,"I1800362","Inkoopfactuur <= 5.000",2018-04-16 13:18:29,"abdc6e9dade886e0d35ceab9951ebeda"
"375",2018-04-09,"I1800362","Beoordelen inkoopfactuur",2018-04-18 10:34:27,"1c304646d1d8a68599d27396fff3cb65"
"376",2018-04-09,"I1800362","Accorderen inkoopfactuur",2018-04-30 10:40:13,"3f309e071cff9027995b0b80691d6369"
"377",2018-04-09,"I1800362","Accorderen inkoopfactuur",2018-05-07 13:28:12,"abdc6e9dade886e0d35ceab9951ebeda"
"378",2018-04-09,"I1800362","Accorderen inkoopfactuur",2018-05-07 16:00:56,"3f309e071cff9027995b0b80691d6369"
"379",2018-04-02,"I1800312","Inkoopfactuur <= 5.000",2018-04-09 08:09:41,"abdc6e9dade886e0d35ceab9951ebeda"
"380",2018-04-02,"I1800312","Beoordelen inkoopfactuur",2018-04-09 14:55:30,"3f309e071cff9027995b0b80691d6369"
"381",2018-04-02,"I1800312","Accorderen inkoopfactuur",2018-04-09 14:55:36,"3f309e071cff9027995b0b80691d6369"
"382",2018-03-15,"I1800274","Inkoopfactuur <= 5.000",2018-03-20 10:02:26,"abdc6e9dade886e0d35ceab9951ebeda"
"383",2018-03-15,"I1800274","Beoordelen inkoopfactuur",2018-03-22 12:22:28,"ae16f6dd57a3df272fd619111c714ba5"
"384",2018-03-15,"I1800274","Accorderen inkoopfactuur",2018-03-27 08:16:33,"3f309e071cff9027995b0b80691d6369"
"385",2018-01-01,"I1800330","Beoordelen inkoopfactuur",2018-04-10 08:28:05,"abdc6e9dade886e0d35ceab9951ebeda"
"386",2018-01-01,"I1800330","Actie nav afkeuren inkoopfactuur",2018-04-10 08:28:12,"abdc6e9dade886e0d35ceab9951ebeda"
"387",2018-01-01,"I1800330","Inkoopfactuur <= 5.000",2018-04-09 08:46:10,"abdc6e9dade886e0d35ceab9951ebeda"
"388",2018-02-28,"I1800219","Accorderen inkoopfactuur",2018-03-13 11:09:13,"3f309e071cff9027995b0b80691d6369"
"389",2018-02-28,"I1800219","Inkoopfactuur <= 5.000",2018-03-08 08:30:22,"abdc6e9dade886e0d35ceab9951ebeda"
"390",2018-02-28,"I1800219","Beoordelen inkoopfactuur",2018-03-12 17:44:04,"077105d56ec3db5318815244824f663b"
"391",2018-04-06,"I1800355","Inkoopfactuur <= 5.000",2018-04-12 15:09:23,"abdc6e9dade886e0d35ceab9951ebeda"
"392",2018-04-06,"I1800355","Beoordelen inkoopfactuur",2018-04-13 10:05:48,"ce89fe3400440ded691ebea966fbf59a"
"393",2018-04-06,"I1800355","Accorderen inkoopfactuur",2018-04-16 14:19:40,"3f309e071cff9027995b0b80691d6369"
"394",2018-04-30,"I1500158","Beoordelen inkoopfactuur",2018-04-09 14:52:55,"3f309e071cff9027995b0b80691d6369"
"395",2018-04-30,"I1500158","Accorderen inkoopfactuur",2018-04-09 14:53:02,"3f309e071cff9027995b0b80691d6369"
"396",2018-05-30,"I1500159","Beoordelen inkoopfactuur",2018-04-09 14:53:10,"3f309e071cff9027995b0b80691d6369"
"397",2018-05-30,"I1500159","Accorderen inkoopfactuur",2018-04-09 14:53:15,"3f309e071cff9027995b0b80691d6369"
"398",2018-06-30,"I1500160","Beoordelen inkoopfactuur",2018-04-09 14:53:24,"3f309e071cff9027995b0b80691d6369"
"399",2018-06-30,"I1500160","Accorderen inkoopfactuur",2018-04-09 14:53:31,"3f309e071cff9027995b0b80691d6369"
"400",2018-01-31,"I1500155","Beoordelen inkoopfactuur",2018-04-09 14:52:13,"3f309e071cff9027995b0b80691d6369"
"401",2018-01-31,"I1500155","Accorderen inkoopfactuur",2018-04-09 14:52:19,"3f309e071cff9027995b0b80691d6369"
"402",2018-02-28,"I1500156","Beoordelen inkoopfactuur",2018-04-09 14:52:28,"3f309e071cff9027995b0b80691d6369"
"403",2018-02-28,"I1500156","Accorderen inkoopfactuur",2018-04-09 14:52:33,"3f309e071cff9027995b0b80691d6369"
"404",2018-03-31,"I1500157","Beoordelen inkoopfactuur",2018-04-09 14:52:42,"3f309e071cff9027995b0b80691d6369"
"405",2018-03-31,"I1500157","Accorderen inkoopfactuur",2018-04-09 14:52:47,"3f309e071cff9027995b0b80691d6369"
"406",2018-01-31,"I1500155","Inkoopfactuur <= 5.000",2018-04-09 13:40:20,"abdc6e9dade886e0d35ceab9951ebeda"
"407",2018-02-28,"I1500156","Inkoopfactuur <= 5.000",2018-04-09 13:41:10,"abdc6e9dade886e0d35ceab9951ebeda"
"408",2018-03-31,"I1500157","Inkoopfactuur <= 5.000",2018-04-09 13:41:57,"abdc6e9dade886e0d35ceab9951ebeda"
"409",2018-04-30,"I1500158","Inkoopfactuur <= 5.000",2018-04-09 13:42:42,"abdc6e9dade886e0d35ceab9951ebeda"
"410",2018-05-30,"I1500159","Inkoopfactuur <= 5.000",2018-04-09 13:43:21,"abdc6e9dade886e0d35ceab9951ebeda"
"411",2018-06-30,"I1500160","Inkoopfactuur <= 5.000",2018-04-09 13:44:03,"abdc6e9dade886e0d35ceab9951ebeda"
"412",2018-04-09,"I1800363","Inkoopfactuur <= 5.000",2018-04-16 13:27:16,"abdc6e9dade886e0d35ceab9951ebeda"
"413",2018-04-09,"I1800363","Beoordelen inkoopfactuur",2018-04-17 09:26:31,"ae16f6dd57a3df272fd619111c714ba5"
"414",2018-04-09,"I1800363","Accorderen inkoopfactuur",2018-04-30 10:39:24,"3f309e071cff9027995b0b80691d6369"
"415",2018-04-09,"I1800363","Accorderen inkoopfactuur",2018-05-02 09:28:51,"75572b45b980f8caf94060619e19c9a3"
"416",2018-04-09,"I1800363","Accorderen inkoopfactuur",2018-05-03 08:54:46,"3f309e071cff9027995b0b80691d6369"
"417",2018-04-09,"I1800363","Accorderen inkoopfactuur",2018-05-08 15:21:22,"524fdb068748af57469e4dc7edf8e89d"
"418",2018-04-09,"I1800363","Accorderen inkoopfactuur",2018-05-08 15:21:32,"524fdb068748af57469e4dc7edf8e89d"
"419",2018-04-03,"I1800318","Accorderen inkoopfactuur",2018-04-17 09:39:36,"524fdb068748af57469e4dc7edf8e89d"
"420",2018-03-22,"I1800294","Beoordelen inkoopfactuur",2018-04-04 18:04:28,"077105d56ec3db5318815244824f663b"
"421",2018-03-22,"I1800294","Accorderen inkoopfactuur",2018-04-05 12:46:51,"3f309e071cff9027995b0b80691d6369"
"422",2018-04-03,"I1800318","Inkoopfactuur <= 5.000",2018-04-09 08:18:31,"abdc6e9dade886e0d35ceab9951ebeda"
"423",2018-04-03,"I1800318","Beoordelen inkoopfactuur",2018-04-16 14:25:15,"3f309e071cff9027995b0b80691d6369"
"424",2018-04-03,"I1800318","Accorderen inkoopfactuur",2018-04-16 14:25:37,"3f309e071cff9027995b0b80691d6369"
"425",2018-04-03,"I1800318","Accorderen inkoopfactuur",2018-04-17 09:39:30,"524fdb068748af57469e4dc7edf8e89d"
"426",2018-03-22,"I1800294","Inkoopfactuur <= 5.000",2018-03-29 15:22:26,"abdc6e9dade886e0d35ceab9951ebeda"
"427",2018-03-22,"I1800294","Beoordelen inkoopfactuur",2018-04-03 10:32:25,"2bdc2f5d286fc7d297896e561064a593"
"428",2018-03-22,"I1800294","Beoordelen inkoopfactuur",2018-04-04 09:26:02,"99fcb711c97118db437f1ee4296b83e9"
"429",2018-02-28,"I1800210","Inkoopfactuur <= 5.000",2018-03-06 15:53:54,"abdc6e9dade886e0d35ceab9951ebeda"
"430",2018-02-28,"I1800210","Beoordelen inkoopfactuur",2018-03-08 09:04:47,"2bdc2f5d286fc7d297896e561064a593"
"431",2018-02-28,"I1800210","Accorderen inkoopfactuur",2018-03-08 11:11:08,"3f309e071cff9027995b0b80691d6369"
"432",2018-03-01,"I1800358","Inkoopfactuur <= 5.000",2018-04-12 15:24:21,"abdc6e9dade886e0d35ceab9951ebeda"
"433",2018-03-01,"I1800358","Beoordelen inkoopfactuur",2018-04-17 08:21:10,"99fcb711c97118db437f1ee4296b83e9"
"434",2018-03-01,"I1800358","Accorderen inkoopfactuur",2018-04-17 09:40:47,"524fdb068748af57469e4dc7edf8e89d"
"435",2018-03-13,"I1800252","Beoordelen inkoopfactuur",2018-03-20 20:51:05,"2bdc2f5d286fc7d297896e561064a593"
"436",2018-03-13,"I1800275","Accorderen inkoopfactuur",2018-03-22 06:40:14,"3f309e071cff9027995b0b80691d6369"
"437",2018-03-13,"I1800252","Accorderen inkoopfactuur",2018-03-22 06:40:25,"3f309e071cff9027995b0b80691d6369"
"438",2018-03-13,"I1800252","Inkoopfactuur <= 5.000",2018-03-15 11:00:40,"abdc6e9dade886e0d35ceab9951ebeda"
"439",2018-03-13,"I1800275","Inkoopfactuur <= 5.000",2018-03-20 10:04:48,"abdc6e9dade886e0d35ceab9951ebeda"
"440",2018-03-13,"I1800275","Beoordelen inkoopfactuur",2018-03-20 20:50:58,"2bdc2f5d286fc7d297896e561064a593"
"441",2018-04-02,"I1800313","Inkoopfactuur <= 5.000",2018-04-09 08:11:00,"abdc6e9dade886e0d35ceab9951ebeda"
"442",2018-04-02,"I1800313","Beoordelen inkoopfactuur",2018-04-13 19:23:47,"077105d56ec3db5318815244824f663b"
"443",2018-04-02,"I1800313","Accorderen inkoopfactuur",2018-04-16 14:20:07,"3f309e071cff9027995b0b80691d6369"
"444",2018-04-05,"I1800338","Inkoopfactuur <= 5.000",2018-04-09 14:20:57,"abdc6e9dade886e0d35ceab9951ebeda"
"445",2018-04-05,"I1800342","Inkoopfactuur <= 5.000",2018-04-10 12:32:54,"abdc6e9dade886e0d35ceab9951ebeda"
"446",2018-04-05,"I1800338","Beoordelen inkoopfactuur",2018-04-13 19:25:14,"077105d56ec3db5318815244824f663b"
"447",2018-04-05,"I1800342","Beoordelen inkoopfactuur",2018-04-13 19:26:50,"077105d56ec3db5318815244824f663b"
"448",2018-04-05,"I1800338","Accorderen inkoopfactuur",2018-04-16 14:20:28,"3f309e071cff9027995b0b80691d6369"
"449",2018-04-05,"I1800342","Accorderen inkoopfactuur",2018-04-16 14:20:41,"3f309e071cff9027995b0b80691d6369"
"450",2018-01-25,"I1800302","Inkoopfactuur <= 5.000",2018-03-29 16:03:45,"abdc6e9dade886e0d35ceab9951ebeda"
"451",2018-01-25,"I1800302","Beoordelen inkoopfactuur",2018-03-29 16:28:45,"a216d47a59899311f48cfe17ad176b09"
"452",2018-01-25,"I1800302","Accorderen inkoopfactuur",2018-04-05 12:53:05,"3f309e071cff9027995b0b80691d6369"
"453",2018-03-23,"I1800284","Inkoopfactuur <= 5.000",2018-03-26 15:16:19,"abdc6e9dade886e0d35ceab9951ebeda"
"454",2018-03-23,"I1800284","Beoordelen inkoopfactuur",2018-03-27 08:55:34,"a216d47a59899311f48cfe17ad176b09"
"455",2018-03-23,"I1800284","Accorderen inkoopfactuur",2018-04-05 12:51:59,"3f309e071cff9027995b0b80691d6369"
"456",2018-02-23,"I1800212","Inkoopfactuur <= 5.000",2018-03-06 16:04:45,"abdc6e9dade886e0d35ceab9951ebeda"
"457",2018-03-02,"I1800213","Inkoopfactuur <= 5.000",2018-03-06 16:06:15,"abdc6e9dade886e0d35ceab9951ebeda"
"458",2018-03-14,"I1800270","Beoordelen inkoopfactuur",2018-03-22 12:21:51,"ae16f6dd57a3df272fd619111c714ba5"
"459",2018-03-14,"I1800270","Accorderen inkoopfactuur",2018-03-27 08:16:08,"3f309e071cff9027995b0b80691d6369"
"460",2018-02-23,"I1800212","Beoordelen inkoopfactuur",2018-03-09 13:55:09,"ae16f6dd57a3df272fd619111c714ba5"
"461",2018-03-02,"I1800213","Beoordelen inkoopfactuur",2018-03-09 13:55:33,"ae16f6dd57a3df272fd619111c714ba5"
"462",2018-02-23,"I1800212","Accorderen inkoopfactuur",2018-03-13 11:10:00,"3f309e071cff9027995b0b80691d6369"
"463",2018-03-02,"I1800213","Accorderen inkoopfactuur",2018-03-13 11:10:11,"3f309e071cff9027995b0b80691d6369"
"464",2018-03-14,"I1800270","Inkoopfactuur <= 5.000",2018-03-20 09:32:32,"abdc6e9dade886e0d35ceab9951ebeda"
"465",2018-01-09,"I1800282","Inkoopfactuur <= 5.000",2018-03-22 10:27:33,"abdc6e9dade886e0d35ceab9951ebeda"
"466",2018-01-09,"I1800282","Beoordelen inkoopfactuur",2018-03-26 11:28:40,"abdc6e9dade886e0d35ceab9951ebeda"
"467",2018-01-09,"I1800282","Accorderen inkoopfactuur",2018-03-27 08:18:27,"3f309e071cff9027995b0b80691d6369"
"468",2018-01-09,"I1800282","Verwerk de reacties!",2018-03-29 16:12:36,"abdc6e9dade886e0d35ceab9951ebeda"
"469",2018-03-31,"I1800339","Inkoopfactuur <= 5.000",2018-04-09 14:42:40,"abdc6e9dade886e0d35ceab9951ebeda"
"470",2018-03-31,"I1800339","Beoordelen inkoopfactuur",2018-04-09 19:33:00,"524fdb068748af57469e4dc7edf8e89d"
"471",2018-03-31,"I1800339","Accorderen inkoopfactuur",2018-04-09 19:33:06,"524fdb068748af57469e4dc7edf8e89d"
"472",2018-03-16,"I1800264","Beoordelen inkoopfactuur",2018-04-09 19:31:24,"524fdb068748af57469e4dc7edf8e89d"
"473",2018-03-16,"I1800264","Accorderen inkoopfactuur",2018-04-09 19:31:30,"524fdb068748af57469e4dc7edf8e89d"
"474",2018-03-16,"I1800264","Inkoopfactuur <= 5.000",2018-03-20 08:48:22,"abdc6e9dade886e0d35ceab9951ebeda"
"475",2018-03-16,"I1800264","Beoordelen inkoopfactuur",2018-03-20 11:53:19,"3f309e071cff9027995b0b80691d6369"
"476",2018-03-22,"I1800299","Inkoopfactuur <= 5.000",2018-03-29 15:58:11,"abdc6e9dade886e0d35ceab9951ebeda"
"477",2018-03-22,"I1800299","Beoordelen inkoopfactuur",2018-04-03 10:32:38,"2bdc2f5d286fc7d297896e561064a593"
"478",2018-03-22,"I1800299","Accorderen inkoopfactuur",2018-04-05 12:46:30,"3f309e071cff9027995b0b80691d6369"
"479",2018-03-30,"I1800304","Beoordelen inkoopfactuur",2018-04-09 13:56:35,"2bdc2f5d286fc7d297896e561064a593"
"480",2018-03-31,"I1800329","Beoordelen inkoopfactuur",2018-04-09 14:10:00,"2bdc2f5d286fc7d297896e561064a593"
"481",2018-03-30,"I1800304","Accorderen inkoopfactuur",2018-04-09 14:50:39,"3f309e071cff9027995b0b80691d6369"
"482",2018-03-31,"I1800329","Accorderen inkoopfactuur",2018-04-09 14:51:22,"3f309e071cff9027995b0b80691d6369"
"483",2018-03-30,"I1800304","Inkoopfactuur <= 5.000",2018-04-09 07:58:46,"abdc6e9dade886e0d35ceab9951ebeda"
"484",2018-03-31,"I1800329","Inkoopfactuur <= 5.000",2018-04-09 08:31:38,"abdc6e9dade886e0d35ceab9951ebeda"
"485",2018-04-01,"I1800287","Beoordelen inkoopfactuur",2018-04-05 12:49:22,"3f309e071cff9027995b0b80691d6369"
"486",2018-04-01,"I1800287","Accorderen inkoopfactuur",2018-04-05 12:49:33,"3f309e071cff9027995b0b80691d6369"
"487",2018-03-31,"I1800310","Inkoopfactuur <= 5.000",2018-04-09 08:08:36,"abdc6e9dade886e0d35ceab9951ebeda"
"488",2018-03-31,"I1800310","Beoordelen inkoopfactuur",2018-04-09 14:54:50,"3f309e071cff9027995b0b80691d6369"
"489",2018-03-31,"I1800310","Accorderen inkoopfactuur",2018-04-09 14:54:56,"3f309e071cff9027995b0b80691d6369"
"490",2018-03-01,"I1800216","Inkoopfactuur <= 5.000",2018-03-06 16:25:32,"abdc6e9dade886e0d35ceab9951ebeda"
"491",2018-03-01,"I1800216","Beoordelen inkoopfactuur",2018-03-08 11:12:35,"3f309e071cff9027995b0b80691d6369"
"492",2018-03-01,"I1800216","Accorderen inkoopfactuur",2018-03-08 11:12:41,"3f309e071cff9027995b0b80691d6369"
"493",2018-04-01,"I1800287","Inkoopfactuur <= 5.000",2018-03-29 14:59:00,"abdc6e9dade886e0d35ceab9951ebeda"
"494",2018-03-02,"I1800227","Inkoopfactuur <= 5.000",2018-03-08 10:02:40,"abdc6e9dade886e0d35ceab9951ebeda"
"495",2018-03-02,"I1800227","Beoordelen inkoopfactuur",2018-03-12 11:19:21,"99fcb711c97118db437f1ee4296b83e9"
"496",2018-03-02,"I1800227","Accorderen inkoopfactuur",2018-03-13 11:11:07,"3f309e071cff9027995b0b80691d6369"
"497",2018-02-28,"I1800215","Inkoopfactuur <= 5.000",2018-03-06 16:13:58,"abdc6e9dade886e0d35ceab9951ebeda"
"498",2018-02-28,"I1800215","Beoordelen inkoopfactuur",2018-03-08 11:17:00,"3f309e071cff9027995b0b80691d6369"
"499",2018-02-28,"I1800215","Beoordelen inkoopfactuur",2018-03-15 11:46:10,"abdc6e9dade886e0d35ceab9951ebeda"
"500",2018-02-28,"I1800215","Beoordelen inkoopfactuur",2018-03-18 16:24:30,"3f309e071cff9027995b0b80691d6369"
"501",2018-02-28,"I1800215","Accorderen inkoopfactuur",2018-03-18 16:24:35,"3f309e071cff9027995b0b80691d6369"
"502",2018-04-13,"I1800359","Inkoopfactuur <= 5.000",2018-04-16 12:42:51,"abdc6e9dade886e0d35ceab9951ebeda"
"503",2018-04-13,"I1800359","Beoordelen inkoopfactuur",2018-04-20 10:06:23,"069977ecdbde0594726360323a821cda"
"504",2018-04-13,"I1800359","Accorderen inkoopfactuur",2018-04-30 10:41:30,"3f309e071cff9027995b0b80691d6369"
"505",2018-02-22,"I1800229","Inkoopfactuur <= 5.000",2018-03-08 10:07:06,"abdc6e9dade886e0d35ceab9951ebeda"
"506",2018-02-22,"I1800229","Beoordelen inkoopfactuur",2018-03-12 11:19:37,"99fcb711c97118db437f1ee4296b83e9"
"507",2018-02-22,"I1800229","Accorderen inkoopfactuur",2018-03-13 11:08:17,"3f309e071cff9027995b0b80691d6369"
